id,label,path
video_1.mp4,2,train/video_1.mp4
video_2.mp4,0,train/video_2.mp4
video_3.mp4,3,train/video_3.mp4
video_4.mp4,1,train/video_4.mp4
video_5.mp4,3,train/video_5.mp4
video_6.mp4,8,train/video_6.mp4
video_7.mp4,6,train/video_7.mp4
video_8.mp4,9,train/video_8.mp4
video_9.mp4,7,train/video_9.mp4
video_10.mp4,0,train/video_10.mp4
video_11.mp4,6,train/video_11.mp4
video_12.mp4,3,train/video_12.mp4
video_13.mp4,1,train/video_13.mp4
video_14.mp4,4,train/video_14.mp4
video_15.mp4,4,train/video_15.mp4
video_16.mp4,4,train/video_16.mp4
video_17.mp4,6,train/video_17.mp4
video_18.mp4,5,train/video_18.mp4
video_19.mp4,3,train/video_19.mp4
video_20.mp4,4,train/video_20.mp4
video_21.mp4,2,train/video_21.mp4
video_22.mp4,5,train/video_22.mp4
video_23.mp4,7,train/video_23.mp4
video_24.mp4,5,train/video_24.mp4
video_25.mp4,8,train/video_25.mp4
video_26.mp4,9,train/video_26.mp4
video_27.mp4,4,train/video_27.mp4
video_28.mp4,8,train/video_28.mp4
video_29.mp4,8,train/video_29.mp4
video_30.mp4,6,train/video_30.mp4
video_31.mp4,6,train/video_31.mp4
video_32.mp4,7,train/video_32.mp4
video_33.mp4,0,train/video_33.mp4
video_34.mp4,3,train/video_34.mp4
video_35.mp4,8,train/video_35.mp4
video_36.mp4,5,train/video_36.mp4
video_37.mp4,7,train/video_37.mp4
video_38.mp4,2,train/video_38.mp4
video_39.mp4,4,train/video_39.mp4
video_40.mp4,1,train/video_40.mp4
video_41.mp4,8,train/video_41.mp4
video_42.mp4,6,train/video_42.mp4
video_43.mp4,4,train/video_43.mp4
video_44.mp4,2,train/video_44.mp4
video_45.mp4,1,train/video_45.mp4
video_46.mp4,5,train/video_46.mp4
video_47.mp4,7,train/video_47.mp4
video_48.mp4,1,train/video_48.mp4
video_49.mp4,1,train/video_49.mp4
video_50.mp4,1,train/video_50.mp4
video_51.mp4,1,train/video_51.mp4
video_52.mp4,9,train/video_52.mp4
video_53.mp4,1,train/video_53.mp4
video_54.mp4,1,train/video_54.mp4
video_55.mp4,1,train/video_55.mp4
video_56.mp4,8,train/video_56.mp4
video_57.mp4,9,train/video_57.mp4
video_58.mp4,0,train/video_58.mp4
video_59.mp4,9,train/video_59.mp4
video_60.mp4,2,train/video_60.mp4
video_61.mp4,5,train/video_61.mp4
video_62.mp4,9,train/video_62.mp4
video_63.mp4,0,train/video_63.mp4
video_64.mp4,2,train/video_64.mp4
video_65.mp4,2,train/video_65.mp4
video_66.mp4,8,train/video_66.mp4
video_67.mp4,9,train/video_67.mp4
video_68.mp4,1,train/video_68.mp4
video_69.mp4,8,train/video_69.mp4
video_70.mp4,1,train/video_70.mp4
video_71.mp4,2,train/video_71.mp4
video_72.mp4,1,train/video_72.mp4
video_73.mp4,0,train/video_73.mp4
video_74.mp4,6,train/video_74.mp4
video_75.mp4,8,train/video_75.mp4
video_76.mp4,7,train/video_76.mp4
video_77.mp4,2,train/video_77.mp4
video_78.mp4,4,train/video_78.mp4
video_79.mp4,3,train/video_79.mp4
video_80.mp4,0,train/video_80.mp4
video_81.mp4,1,train/video_81.mp4
video_82.mp4,5,train/video_82.mp4
video_83.mp4,5,train/video_83.mp4
video_84.mp4,4,train/video_84.mp4
video_85.mp4,8,train/video_85.mp4
video_86.mp4,7,train/video_86.mp4
video_87.mp4,4,train/video_87.mp4
video_88.mp4,0,train/video_88.mp4
video_89.mp4,9,train/video_89.mp4
video_90.mp4,7,train/video_90.mp4
video_91.mp4,9,train/video_91.mp4
video_92.mp4,1,train/video_92.mp4
video_93.mp4,6,train/video_93.mp4
video_94.mp4,7,train/video_94.mp4
video_95.mp4,0,train/video_95.mp4
video_96.mp4,8,train/video_96.mp4
video_97.mp4,5,train/video_97.mp4
video_98.mp4,9,train/video_98.mp4
video_99.mp4,6,train/video_99.mp4
video_100.mp4,3,train/video_100.mp4
video_101.mp4,9,train/video_101.mp4
video_102.mp4,8,train/video_102.mp4
video_103.mp4,5,train/video_103.mp4
video_104.mp4,2,train/video_104.mp4
video_105.mp4,3,train/video_105.mp4
video_106.mp4,8,train/video_106.mp4
video_107.mp4,7,train/video_107.mp4
video_108.mp4,0,train/video_108.mp4
video_109.mp4,0,train/video_109.mp4
video_110.mp4,3,train/video_110.mp4
video_111.mp4,3,train/video_111.mp4
video_112.mp4,1,train/video_112.mp4
video_113.mp4,8,train/video_113.mp4
video_114.mp4,3,train/video_114.mp4
video_115.mp4,4,train/video_115.mp4
video_116.mp4,1,train/video_116.mp4
video_117.mp4,0,train/video_117.mp4
video_118.mp4,3,train/video_118.mp4
video_119.mp4,6,train/video_119.mp4
video_120.mp4,5,train/video_120.mp4
video_121.mp4,4,train/video_121.mp4
video_122.mp4,2,train/video_122.mp4
video_123.mp4,9,train/video_123.mp4
video_124.mp4,2,train/video_124.mp4
video_125.mp4,5,train/video_125.mp4
video_126.mp4,9,train/video_126.mp4
video_127.mp4,5,train/video_127.mp4
video_128.mp4,1,train/video_128.mp4
video_129.mp4,6,train/video_129.mp4
video_130.mp4,2,train/video_130.mp4
video_131.mp4,4,train/video_131.mp4
video_132.mp4,1,train/video_132.mp4
video_133.mp4,2,train/video_133.mp4
video_134.mp4,5,train/video_134.mp4
video_135.mp4,4,train/video_135.mp4
video_136.mp4,1,train/video_136.mp4
video_137.mp4,0,train/video_137.mp4
video_138.mp4,9,train/video_138.mp4
video_139.mp4,7,train/video_139.mp4
video_140.mp4,2,train/video_140.mp4
video_141.mp4,6,train/video_141.mp4
video_142.mp4,1,train/video_142.mp4
video_143.mp4,0,train/video_143.mp4
video_144.mp4,6,train/video_144.mp4
video_145.mp4,6,train/video_145.mp4
video_146.mp4,6,train/video_146.mp4
video_147.mp4,3,train/video_147.mp4
video_148.mp4,8,train/video_148.mp4
video_149.mp4,3,train/video_149.mp4
video_150.mp4,5,train/video_150.mp4
video_151.mp4,9,train/video_151.mp4
video_152.mp4,5,train/video_152.mp4
video_153.mp4,8,train/video_153.mp4
video_154.mp4,5,train/video_154.mp4
video_155.mp4,7,train/video_155.mp4
video_156.mp4,7,train/video_156.mp4
video_157.mp4,9,train/video_157.mp4
video_158.mp4,1,train/video_158.mp4
video_159.mp4,5,train/video_159.mp4
video_160.mp4,4,train/video_160.mp4
video_161.mp4,5,train/video_161.mp4
video_162.mp4,9,train/video_162.mp4
video_163.mp4,6,train/video_163.mp4
video_164.mp4,3,train/video_164.mp4
video_165.mp4,3,train/video_165.mp4
video_166.mp4,3,train/video_166.mp4
video_167.mp4,2,train/video_167.mp4
video_168.mp4,8,train/video_168.mp4
video_169.mp4,1,train/video_169.mp4
video_170.mp4,5,train/video_170.mp4
video_171.mp4,4,train/video_171.mp4
video_172.mp4,2,train/video_172.mp4
video_173.mp4,6,train/video_173.mp4
video_174.mp4,2,train/video_174.mp4
video_175.mp4,3,train/video_175.mp4
video_176.mp4,1,train/video_176.mp4
video_177.mp4,9,train/video_177.mp4
video_178.mp4,8,train/video_178.mp4
video_179.mp4,9,train/video_179.mp4
video_180.mp4,0,train/video_180.mp4
video_181.mp4,8,train/video_181.mp4
video_182.mp4,7,train/video_182.mp4
video_183.mp4,9,train/video_183.mp4
video_184.mp4,2,train/video_184.mp4
video_185.mp4,4,train/video_185.mp4
video_186.mp4,2,train/video_186.mp4
video_187.mp4,4,train/video_187.mp4
video_188.mp4,2,train/video_188.mp4
video_189.mp4,8,train/video_189.mp4
video_190.mp4,0,train/video_190.mp4
video_191.mp4,1,train/video_191.mp4
video_192.mp4,9,train/video_192.mp4
video_193.mp4,9,train/video_193.mp4
video_194.mp4,2,train/video_194.mp4
video_195.mp4,2,train/video_195.mp4
video_196.mp4,8,train/video_196.mp4
video_197.mp4,3,train/video_197.mp4
video_198.mp4,4,train/video_198.mp4
video_199.mp4,7,train/video_199.mp4
video_200.mp4,3,train/video_200.mp4
video_201.mp4,4,train/video_201.mp4
video_202.mp4,8,train/video_202.mp4
video_203.mp4,1,train/video_203.mp4
video_204.mp4,0,train/video_204.mp4
video_205.mp4,7,train/video_205.mp4
video_206.mp4,4,train/video_206.mp4
video_207.mp4,9,train/video_207.mp4
video_208.mp4,9,train/video_208.mp4
video_209.mp4,7,train/video_209.mp4
video_210.mp4,1,train/video_210.mp4
video_211.mp4,4,train/video_211.mp4
video_212.mp4,2,train/video_212.mp4
video_213.mp4,6,train/video_213.mp4
video_214.mp4,1,train/video_214.mp4
video_215.mp4,7,train/video_215.mp4
video_216.mp4,8,train/video_216.mp4
video_217.mp4,7,train/video_217.mp4
video_218.mp4,6,train/video_218.mp4
video_219.mp4,7,train/video_219.mp4
video_220.mp4,6,train/video_220.mp4
video_221.mp4,3,train/video_221.mp4
video_222.mp4,9,train/video_222.mp4
video_223.mp4,7,train/video_223.mp4
video_224.mp4,9,train/video_224.mp4
video_225.mp4,9,train/video_225.mp4
video_226.mp4,3,train/video_226.mp4
video_227.mp4,3,train/video_227.mp4
video_228.mp4,3,train/video_228.mp4
video_229.mp4,7,train/video_229.mp4
video_230.mp4,6,train/video_230.mp4
video_231.mp4,6,train/video_231.mp4
video_232.mp4,2,train/video_232.mp4
video_233.mp4,4,train/video_233.mp4
video_234.mp4,6,train/video_234.mp4
video_235.mp4,1,train/video_235.mp4
video_236.mp4,9,train/video_236.mp4
video_237.mp4,7,train/video_237.mp4
video_238.mp4,5,train/video_238.mp4
video_239.mp4,7,train/video_239.mp4
video_240.mp4,4,train/video_240.mp4
video_241.mp4,4,train/video_241.mp4
video_242.mp4,0,train/video_242.mp4
video_243.mp4,0,train/video_243.mp4
